{
  "hash": "b4bd16b2",
  "configHash": "6d6a8cf6",
  "lockfileHash": "98484af9",
  "browserHash": "a3556b2e",
  "optimized": {
    "@angular/core": {
      "src": "../../../../../../node_modules/@angular/core/fesm2022/core.mjs",
      "file": "@angular_core.js",
      "fileHash": "8f40d8c9",
      "needsInterop": false
    },
    "@angular/platform-browser": {
      "src": "../../../../../../node_modules/@angular/platform-browser/fesm2022/platform-browser.mjs",
      "file": "@angular_platform-browser.js",
      "fileHash": "509d5149",
      "needsInterop": false
    },
    "@angular/router": {
      "src": "../../../../../../node_modules/@angular/router/fesm2022/router.mjs",
      "file": "@angular_router.js",
      "fileHash": "30b4526a",
      "needsInterop": false
    }
  },
  "chunks": {
    "chunk-TUBEI5TF": {
      "file": "chunk-TUBEI5TF.js"
    },
    "chunk-3QOFSQBY": {
      "file": "chunk-3QOFSQBY.js"
    }
  }
}