{
  "hash": "11517dd4",
  "configHash": "f10289f6",
  "lockfileHash": "98484af9",
  "browserHash": "d1bc144d",
  "optimized": {
    "@angular/core": {
      "src": "../../../../../../node_modules/@angular/core/fesm2022/core.mjs",
      "file": "@angular_core.js",
      "fileHash": "3629f119",
      "needsInterop": false
    },
    "@angular/platform-browser": {
      "src": "../../../../../../node_modules/@angular/platform-browser/fesm2022/platform-browser.mjs",
      "file": "@angular_platform-browser.js",
      "fileHash": "dafd67e4",
      "needsInterop": false
    },
    "@angular/platform-server": {
      "src": "../../../../../../node_modules/@angular/platform-server/fesm2022/platform-server.mjs",
      "file": "@angular_platform-server.js",
      "fileHash": "4aa45179",
      "needsInterop": false
    },
    "@angular/router": {
      "src": "../../../../../../node_modules/@angular/router/fesm2022/router.mjs",
      "file": "@angular_router.js",
      "fileHash": "478fa7a0",
      "needsInterop": false
    },
    "@angular/ssr": {
      "src": "../../../../../../node_modules/@angular/ssr/fesm2022/ssr.mjs",
      "file": "@angular_ssr.js",
      "fileHash": "4bdd32ee",
      "needsInterop": false
    },
    "@angular/ssr/node": {
      "src": "../../../../../../node_modules/@angular/ssr/fesm2022/node.mjs",
      "file": "@angular_ssr_node.js",
      "fileHash": "9ed30b72",
      "needsInterop": false
    },
    "express": {
      "src": "../../../../../../node_modules/express/index.js",
      "file": "express.js",
      "fileHash": "81ec72f8",
      "needsInterop": true
    }
  },
  "chunks": {
    "chunk-WG5BRR4M": {
      "file": "chunk-WG5BRR4M.js"
    },
    "chunk-T7OWHGMY": {
      "file": "chunk-T7OWHGMY.js"
    },
    "chunk-ZN6DQK3E": {
      "file": "chunk-ZN6DQK3E.js"
    },
    "chunk-XOUNVIIB": {
      "file": "chunk-XOUNVIIB.js"
    },
    "chunk-QPSQRP52": {
      "file": "chunk-QPSQRP52.js"
    },
    "xhr2-TXIMV6CV": {
      "file": "xhr2-TXIMV6CV.js"
    },
    "chunk-YHCV7DAQ": {
      "file": "chunk-YHCV7DAQ.js"
    }
  }
}